--EJEMPLOS DE LOS INSERTS PARA LA TABLAS DE CLARADAS EN DOCUMENTO 1.TABLAS_ESCUELAS
-- Insertar datos en la tabla STUDENTS------------------------------------------------------------------------
INSERT INTO STUDENTS (STUDENTID, FIRSTNAME, LASTNAME, AGE, EMAIL) VALUES (1, 'Juan', 'Pérez', 20, 'juan.perez@example.com');
INSERT INTO STUDENTS (STUDENTID, FIRSTNAME, LASTNAME, AGE, EMAIL) VALUES (2, 'María', 'Gómez', 22, 'maria.gomez@example.com');
INSERT INTO STUDENTS (STUDENTID, FIRSTNAME, LASTNAME, AGE, EMAIL) VALUES (3, 'Pedro', 'Rodríguez', 21, 'pedro.rodriguez@example.com');
INSERT INTO STUDENTS (STUDENTID, FIRSTNAME, LASTNAME, AGE, EMAIL) VALUES (4, 'Luis', 'Martínez', 23, 'luis.martinez@example.com');
INSERT INTO STUDENTS (STUDENTID, FIRSTNAME, LASTNAME, AGE, EMAIL) VALUES (5, 'Ana', 'Fernández', 19, 'ana.fernandez@example.com');
INSERT INTO STUDENTS (STUDENTID, FIRSTNAME, LASTNAME, AGE, EMAIL) VALUES (6, 'Carlos', 'García', 25, 'carlos.garcia@example.com');
INSERT INTO STUDENTS (STUDENTID, FIRSTNAME, LASTNAME, AGE, EMAIL) VALUES (7, 'Laura', 'Sánchez', 20, 'laura.sanchez@example.com');
INSERT INTO STUDENTS (STUDENTID, FIRSTNAME, LASTNAME, AGE, EMAIL) VALUES (8, 'Marta', 'López', 21, 'marta.lopez@example.com');
INSERT INTO STUDENTS (STUDENTID, FIRSTNAME, LASTNAME, AGE, EMAIL) VALUES (9, 'Andrés', 'Ramírez', 22, 'andres.ramirez@example.com');
INSERT INTO STUDENTS (STUDENTID, FIRSTNAME, LASTNAME, AGE, EMAIL) VALUES (10, 'Paula', 'Jiménez', 24, 'paula.jimenez@example.com');
INSERT INTO STUDENTS (STUDENTID, FIRSTNAME, LASTNAME, AGE, EMAIL) VALUES (11, 'Sofía', 'Hernández', 20, 'sofia.hernandez@example.com');
INSERT INTO STUDENTS (STUDENTID, FIRSTNAME, LASTNAME, AGE, EMAIL) VALUES (12, 'Diego', 'Ruiz', 23, 'diego.ruiz@example.com');
INSERT INTO STUDENTS (STUDENTID, FIRSTNAME, LASTNAME, AGE, EMAIL) VALUES (13, 'Valeria', 'Díaz', 21, 'valeria.diaz@example.com');
INSERT INTO STUDENTS (STUDENTID, FIRSTNAME, LASTNAME, AGE, EMAIL) VALUES (14, 'Javier', 'Vega', 24, 'javier.vega@example.com');
INSERT INTO STUDENTS (STUDENTID, FIRSTNAME, LASTNAME, AGE, EMAIL) VALUES (15, 'Cristina', 'Torres', 22, 'cristina.torres@example.com');
INSERT INTO STUDENTS (STUDENTID, FIRSTNAME, LASTNAME, AGE, EMAIL) VALUES (16, 'Pablo', 'Romero', 19, 'pablo.romero@example.com');
INSERT INTO STUDENTS (STUDENTID, FIRSTNAME, LASTNAME, AGE, EMAIL) VALUES (17, 'Julia', 'Navarro', 20, 'julia.navarro@example.com');
INSERT INTO STUDENTS (STUDENTID, FIRSTNAME, LASTNAME, AGE, EMAIL) VALUES (18, 'Tomás', 'Ortiz', 23, 'tomas.ortiz@example.com');
INSERT INTO STUDENTS (STUDENTID, FIRSTNAME, LASTNAME, AGE, EMAIL) VALUES (19, 'Elena', 'Castro', 21, 'elena.castro@example.com');
INSERT INTO STUDENTS (STUDENTID, FIRSTNAME, LASTNAME, AGE, EMAIL) VALUES (20, 'Hugo', 'Molina', 22, 'hugo.molina@example.com');
INSERT INTO STUDENTS (STUDENTID, FIRSTNAME, LASTNAME, AGE, EMAIL) VALUES (21, 'Isabel', 'Morales', 20, 'isabel.morales@example.com');
INSERT INTO STUDENTS (STUDENTID, FIRSTNAME, LASTNAME, AGE, EMAIL) VALUES (22, 'Gabriel', 'Suárez', 23, 'gabriel.suarez@example.com');
INSERT INTO STUDENTS (STUDENTID, FIRSTNAME, LASTNAME, AGE, EMAIL) VALUES (23, 'Daniela', 'Herrera', 21, 'daniela.herrera@example.com');
INSERT INTO STUDENTS (STUDENTID, FIRSTNAME, LASTNAME, AGE, EMAIL) VALUES (24, 'Fernando', 'Cruz', 24, 'fernando.cruz@example.com');
INSERT INTO STUDENTS (STUDENTID, FIRSTNAME, LASTNAME, AGE, EMAIL) VALUES (25, 'Lucía', 'Flores', 22, 'lucia.flores@example.com');
INSERT INTO STUDENTS (STUDENTID, FIRSTNAME, LASTNAME, AGE, EMAIL) VALUES (26, 'Emilio', 'Silva', 20, 'emilio.silva@example.com');
INSERT INTO STUDENTS (STUDENTID, FIRSTNAME, LASTNAME, AGE, EMAIL) VALUES (27, 'Alejandra', 'Paredes', 23, 'alejandra.paredes@example.com');
INSERT INTO STUDENTS (STUDENTID, FIRSTNAME, LASTNAME, AGE, EMAIL) VALUES (28, 'Ramón', 'Reyes', 21, 'ramon.reyes@example.com');
INSERT INTO STUDENTS (STUDENTID, FIRSTNAME, LASTNAME, AGE, EMAIL) VALUES (29, 'Gloria', 'Ortega', 24, 'gloria.ortega@example.com');
INSERT INTO STUDENTS (STUDENTID, FIRSTNAME, LASTNAME, AGE, EMAIL) VALUES (30, 'Francisco', 'Ríos', 22, 'francisco.rios@example.com');
INSERT INTO STUDENTS (STUDENTID, FIRSTNAME, LASTNAME, AGE, EMAIL) VALUES (31, 'Carmen', 'Fuentes', 21, 'carmen.fuentes@example.com');
INSERT INTO STUDENTS (STUDENTID, FIRSTNAME, LASTNAME, AGE, EMAIL) VALUES (32, 'Roberto', 'Méndez', 19, 'roberto.mendez@example.com');
INSERT INTO STUDENTS (STUDENTID, FIRSTNAME, LASTNAME, AGE, EMAIL) VALUES (33, 'Beatriz', 'Castillo', 22, 'beatriz.castillo@example.com');
INSERT INTO STUDENTS (STUDENTID, FIRSTNAME, LASTNAME, AGE, EMAIL) VALUES (34, 'José', 'Arias', 20, 'jose.arias@example.com');
INSERT INTO STUDENTS (STUDENTID, FIRSTNAME, LASTNAME, AGE, EMAIL) VALUES (35, 'Victoria', 'Núñez', 23, 'victoria.nunez@example.com');
INSERT INTO STUDENTS (STUDENTID, FIRSTNAME, LASTNAME, AGE, EMAIL) VALUES (36, 'Alberto', 'Medina', 21, 'alberto.medina@example.com');
INSERT INTO STUDENTS (STUDENTID, FIRSTNAME, LASTNAME, AGE, EMAIL) VALUES (37, 'Patricia', 'Campos', 19, 'patricia.campos@example.com');
INSERT INTO STUDENTS (STUDENTID, FIRSTNAME, LASTNAME, AGE, EMAIL) VALUES (38, 'Manuel', 'Lara', 24, 'manuel.lara@example.com');
INSERT INTO STUDENTS (STUDENTID, FIRSTNAME, LASTNAME, AGE, EMAIL) VALUES (39, 'Verónica', 'Escobar', 20, 'veronica.escobar@example.com');
INSERT INTO STUDENTS (STUDENTID, FIRSTNAME, LASTNAME, AGE, EMAIL) VALUES (40, 'Rafael', 'Soto', 23, 'rafael.soto@example.com');
INSERT INTO STUDENTS (STUDENTID, FIRSTNAME, LASTNAME, AGE, EMAIL) VALUES (41, 'Nadia', 'Muñoz', 21, 'nadia.munoz@example.com');
INSERT INTO STUDENTS (STUDENTID, FIRSTNAME, LASTNAME, AGE, EMAIL) VALUES (42, 'Héctor', 'Ibarra', 22, 'hector.ibarra@example.com');
INSERT INTO STUDENTS (STUDENTID, FIRSTNAME, LASTNAME, AGE, EMAIL) VALUES (43, 'Celia', 'Vargas', 19, 'celia.vargas@example.com');
INSERT INTO STUDENTS (STUDENTID, FIRSTNAME, LASTNAME, AGE, EMAIL) VALUES (44, 'Rodrigo', 'Salas', 21, 'rodrigo.salas@example.com');
INSERT INTO STUDENTS (STUDENTID, FIRSTNAME, LASTNAME, AGE, EMAIL) VALUES (45, 'Teresa', 'Peña', 24, 'teresa.pena@example.com');
INSERT INTO STUDENTS (STUDENTID, FIRSTNAME, LASTNAME, AGE, EMAIL) VALUES (46, 'Esteban', 'Villalobos', 22, 'esteban.villalobos@example.com');
INSERT INTO STUDENTS (STUDENTID, FIRSTNAME, LASTNAME, AGE, EMAIL) VALUES (47, 'Adriana', 'Rivas', 20, 'adriana.rivas@example.com');
INSERT INTO STUDENTS (STUDENTID, FIRSTNAME, LASTNAME, AGE, EMAIL) VALUES (48, 'Gonzalo', 'Cano', 23, 'gonzalo.cano@example.com');
INSERT INTO STUDENTS (STUDENTID, FIRSTNAME, LASTNAME, AGE, EMAIL) VALUES (49, 'Elisa', 'Correa', 21, 'elisa.correa@example.com');
INSERT INTO STUDENTS (STUDENTID, FIRSTNAME, LASTNAME, AGE, EMAIL) VALUES (50, 'Vicente', 'Palacios', 22, 'vicente.palacios@example.com');
--
-- Insertar datos en la tabla TEACHER
INSERT INTO TEACHER (TEACHERID, FIRSTNAME, LASTNAME, AGE, EMAIL, PHONE, DIRECCION, HIRE_DATE, SALARY) VALUES (1, 'Juan', 'Pérez', 45, 'juan.perez@example.com', '555-1234', 'Calle Falsa 123', '2010-08-15', 45000.50);
INSERT INTO TEACHER (TEACHERID, FIRSTNAME, LASTNAME, AGE, EMAIL, PHONE, DIRECCION, HIRE_DATE, SALARY) VALUES (2, 'María', 'Gómez', 39, 'maria.gomez@example.com', '555-5678', 'Av. Siempre Viva 742', '2011-05-10', 47000.75);
INSERT INTO TEACHER (TEACHERID, FIRSTNAME, LASTNAME, AGE, EMAIL, PHONE, DIRECCION, HIRE_DATE, SALARY) VALUES (3, 'Pedro', 'Rodríguez', 50, 'pedro.rodriguez@example.com', '555-9101', 'Calle Luna 85', '2009-11-01', 49000.00);
INSERT INTO TEACHER (TEACHERID, FIRSTNAME, LASTNAME, AGE, EMAIL, PHONE, DIRECCION, HIRE_DATE, SALARY) VALUES (4, 'Ana', 'Martínez', 34, 'ana.martinez@example.com', '555-1122', 'Av. Sol 203', '2012-03-20', 42000.20);
INSERT INTO TEACHER (TEACHERID, FIRSTNAME, LASTNAME, AGE, EMAIL, PHONE, DIRECCION, HIRE_DATE, SALARY) VALUES (5, 'Carlos', 'López', 38, 'carlos.lopez@example.com', '555-3344', 'Calle Estrella 456', '2013-07-14', 46000.00);
INSERT INTO TEACHER (TEACHERID, FIRSTNAME, LASTNAME, AGE, EMAIL, PHONE, DIRECCION, HIRE_DATE, SALARY) VALUES (6, 'Laura', 'Sánchez', 41, 'laura.sanchez@example.com', '555-5566', 'Av. del Bosque 789', '2014-01-22', 48000.35);
INSERT INTO TEACHER (TEACHERID, FIRSTNAME, LASTNAME, AGE, EMAIL, PHONE, DIRECCION, HIRE_DATE, SALARY) VALUES (7, 'Marta', 'Jiménez', 47, 'marta.jimenez@example.com', '555-7788', 'Calle del Rio 101', '2008-09-30', 50000.90);
INSERT INTO TEACHER (TEACHERID, FIRSTNAME, LASTNAME, AGE, EMAIL, PHONE, DIRECCION, HIRE_DATE, SALARY) VALUES (8, 'Andrés', 'Ramírez', 36, 'andres.ramirez@example.com', '555-9900', 'Av. de la Playa 202', '2015-04-17', 43000.10);
INSERT INTO TEACHER (TEACHERID, FIRSTNAME, LASTNAME, AGE, EMAIL, PHONE, DIRECCION, HIRE_DATE, SALARY) VALUES (9, 'Paula', 'Herrera', 33, 'paula.herrera@example.com', '555-1020', 'Calle de la Montaña 303', '2016-06-23', 44000.50);
INSERT INTO TEACHER (TEACHERID, FIRSTNAME, LASTNAME, AGE, EMAIL, PHONE, DIRECCION, HIRE_DATE, SALARY) VALUES (10, 'Sofía', 'Hernández', 43, 'sofia.hernandez@example.com', '555-3040', 'Av. del Valle 404', '2017-12-11', 47000.00);
INSERT INTO TEACHER (TEACHERID, FIRSTNAME, LASTNAME, AGE, EMAIL, PHONE, DIRECCION, HIRE_DATE, SALARY) VALUES (11, 'Diego', 'Vega', 49, 'diego.vega@example.com', '555-5060', 'Calle del Cielo 505', '2007-10-15', 51000.25);
INSERT INTO TEACHER (TEACHERID, FIRSTNAME, LASTNAME, AGE, EMAIL, PHONE, DIRECCION, HIRE_DATE, SALARY) VALUES (12, 'Valeria', 'Torres', 37, 'valeria.torres@example.com', '555-7080', 'Av. del Mar 606', '2018-02-14', 45000.80);
INSERT INTO TEACHER (TEACHERID, FIRSTNAME, LASTNAME, AGE, EMAIL, PHONE, DIRECCION, HIRE_DATE, SALARY) VALUES (13, 'Javier', 'Romero', 35, 'javier.romero@example.com', '555-9101', 'Calle del Sol 707', '2019-03-05', 46000.65);
INSERT INTO TEACHER (TEACHERID, FIRSTNAME, LASTNAME, AGE, EMAIL, PHONE, DIRECCION, HIRE_DATE, SALARY) VALUES (14, 'Cristina', 'Navarro', 40, 'cristina.navarro@example.com', '555-0112', 'Av. de las Flores 808', '2020-08-01', 47000.75);
INSERT INTO TEACHER (TEACHERID, FIRSTNAME, LASTNAME, AGE, EMAIL, PHONE, DIRECCION, HIRE_DATE, SALARY) VALUES (15, 'Pablo', 'Ortiz', 52, 'pablo.ortiz@example.com', '555-2134', 'Calle del Arco 909', '2006-05-18', 53000.90);
INSERT INTO TEACHER (TEACHERID, FIRSTNAME, LASTNAME, AGE, EMAIL, PHONE, DIRECCION, HIRE_DATE, SALARY) VALUES (16, 'Julia', 'Castro', 29, 'julia.castro@example.com', '555-4156', 'Av. de la Luna 111', '2021-01-10', 42000.00);
INSERT INTO TEACHER (TEACHERID, FIRSTNAME, LASTNAME, AGE, EMAIL, PHONE, DIRECCION, HIRE_DATE, SALARY) VALUES (17, 'Tomás', 'Molina', 48, 'tomas.molina@example.com', '555-6178', 'Calle de las Nubes 212', '2005-07-23', 52000.55);
INSERT INTO TEACHER (TEACHERID, FIRSTNAME, LASTNAME, AGE, EMAIL, PHONE, DIRECCION, HIRE_DATE, SALARY) VALUES (18, 'Elena', 'Morales', 42, 'elena.morales@example.com', '555-8190', 'Av. del Norte 313', '2022-11-15', 48000.65);
INSERT INTO TEACHER (TEACHERID, FIRSTNAME, LASTNAME, AGE, EMAIL, PHONE, DIRECCION, HIRE_DATE, SALARY) VALUES (19, 'Anaa', 'Suárez', 46, 'hugo.suarez@example.com', '555-0213', 'Calle de la Estrella 414', '2004-04-12', 51000.70);
INSERT INTO TEACHER (TEACHERID, FIRSTNAME, LASTNAME, AGE, EMAIL, PHONE, DIRECCION, HIRE_DATE, SALARY) VALUES (20, 'Isabel', 'Herrera', 31, 'isabel.herrera@example.com', '555-2245', 'Av. del Sol 515', '2023-03-22', 43000.00);
-- Inserción de cursos en la tabla COURSES
INSERT INTO COURSES (COURSESID, COURSESNAME, DESCRIPCION, TEACHERID, DURATIONMINUTS)
VALUES
(1, 'Introducción a la Ciencia de Datos', 'Conceptos básicos y aplicaciones de la ciencia de datos.', 1, 180),
(2, 'Fundamentos de Programación en Python', 'Introducción a la programación con Python.', 2, 200),
(3, 'Matemáticas para Ciencia de Datos', 'Fundamentos matemáticos necesarios para la ciencia de datos.', 3, 220),
(4, 'Estadística Descriptiva', 'Análisis estadístico básico para describir datos.', 4, 210),
(5, 'Fundamentos de SQL', 'Conceptos básicos de SQL para gestionar bases de datos.', 5, 180),
(6, 'Fundamentos de Bases de Datos Relacionales', 'Principios y diseño de bases de datos relacionales.', 6, 200),
(7, 'Estructuras de Datos y Algoritmos', 'Fundamentos de estructuras de datos y algoritmos.', 7, 220),
(8, 'Análisis Exploratorio de Datos', 'Técnicas para explorar y visualizar datos.', 8, 210),
(9, 'Programación en R para Ciencia de Datos', 'Uso del lenguaje R para análisis de datos.', 9, 200),
(10, 'Introducción a Big Data', 'Conceptos y herramientas básicas para Big Data.', 10, 230),
(11, 'Manejo de Datos con Pandas', 'Uso de la librería Pandas en Python para análisis de datos.', 11, 220),
(12, 'Visualización de Datos con Matplotlib y Seaborn', 'Técnicas para visualizar datos en Python.', 12, 200),
(13, 'Data Warehousing y Modelado de Datos', 'Conceptos de almacén de datos y modelado.', 13, 250),
(14, 'ETL y Procesamiento de Datos', 'Extracción, transformación y carga de datos.', 14, 240),
(15, 'Trabajo con APIs y Web Scraping', 'Obtención de datos mediante APIs y técnicas de scraping.', 15, 220),
(16, 'Introducción a Hadoop', 'Uso de Hadoop para el procesamiento de datos distribuidos.', 16, 230),
(17, 'Procesamiento de Datos con Spark', 'Procesamiento de datos con Apache Spark.', 17, 240),
(18, 'Fundamentos de Data Engineering', 'Conceptos básicos del trabajo de un Data Engineer.', 18, 250),
(19, 'Data Lakes y Data Warehouses', 'Diferencias y uso de Data Lakes y Data Warehouses.', 19, 260),
(20, 'Introducción a la Arquitectura de Datos', 'Principios de diseño de arquitecturas de datos.', 20, 240),
(21, 'Bases de Datos NoSQL', 'Conceptos y uso de bases de datos NoSQL.', 21, 250),
(22, 'Optimización de Consultas SQL', 'Técnicas para optimizar consultas SQL.', 22, 230),
(23, 'Integración de Datos', 'Métodos para integrar datos de diversas fuentes.', 23, 240),
(24, 'Seguridad de Datos y Privacidad', 'Aspectos de seguridad y privacidad en la gestión de datos.', 24, 250),
(25, 'Fundamentos de Machine Learning', 'Conceptos básicos de aprendizaje automático.', 25, 260),
(26, 'Modelado Predictivo', 'Técnicas para construir modelos predictivos.', 26, 270),
(27, 'Data Pipeline con Airflow', 'Uso de Apache Airflow para gestionar pipelines de datos.', 27, 260),
(28, 'Desarrollo de Microservicios para Data Engineering', 'Creación de microservicios en el contexto de ingeniería de datos.', 28, 270),
(29, 'Análisis de Datos en Tiempo Real', 'Métodos para analizar datos en tiempo real.', 29, 260),
(30, 'Procesamiento de Datos en Streaming', 'Procesamiento de datos en streaming con herramientas como Kafka.', 30, 270),
(31, 'Manejo de Datos en la Nube (AWS, Azure, GCP)', 'Gestión de datos en plataformas en la nube.', 31, 280),
(32, 'Automatización de Procesos de Datos', 'Automatización de flujos de trabajo de datos.', 32, 270),
(33, 'Uso Avanzado de SQL en Data Engineering', 'Aplicaciones avanzadas de SQL en ingeniería de datos.', 33, 280),
(34, 'Diseño de Arquitecturas Escalables', 'Creación de arquitecturas de datos escalables.', 34, 290),
(35, 'Implementación de Soluciones de BI', 'Desarrollo e implementación de soluciones de Business Intelligence.', 35, 280),
(36, 'Modelos de Datos Avanzados', 'Diseño y gestión de modelos de datos avanzados.', 36, 290),
(37, 'Optimización y Escalabilidad de Data Pipelines', 'Mejoras en la eficiencia y escalabilidad de pipelines de datos.', 37, 300),
(38, 'Data Engineering para Inteligencia Artificial', 'Aplicación de ingeniería de datos en proyectos de IA.', 38, 290),
(39, 'Análisis de Grandes Volúmenes de Datos', 'Técnicas para analizar grandes volúmenes de datos.', 39, 300),
(40, 'Tendencias y Tecnologías Futuras en Data Engineering', 'Exploración de las últimas tendencias y tecnologías en ingeniería de datos.', 40, 310);
-- Diferencias entre inserción masiva e inserciones individuales

-- Inserción Masiva:
-- 1. Eficiencia y Rendimiento: 
-- La sentencia de inserción masiva (INSERT INTO ... VALUES (...) para múltiples filas) 
-- es generalmente más eficiente. Realiza una sola operación de inserción con múltiples 
-- registros en un único comando, lo que reduce el número de transacciones y el tiempo 
-- necesario para ejecutar la operación.
-- 
-- 2. Complejidad y Mantenimiento:
-- Las inserciones masivas tienden a ser más limpias y menos propensas a errores de 
-- transcripción, especialmente cuando se manejan grandes volúmenes de datos. Es más 
-- fácil modificar o actualizar los datos en un solo comando en comparación con múltiples 
-- comandos.
-- 
-- 3. Transacciones y Control de Errores:
-- Si ocurre un error en una inserción masiva, el manejo de errores puede ser más complicado, 
-- pero algunas bases de datos permiten continuar con la inserción de las filas restantes o 
-- revertir todas las inserciones si se produce un error crítico.
-- 
-- 4. Transacciones y Bloqueos:
-- Puede reducir la cantidad de bloqueos en la base de datos, ya que se realiza una sola 
-- transacción con múltiples registros en lugar de múltiples transacciones separadas.
-- 
-- Inserciones Individuales:
-- 1. Eficiencia y Rendimiento:
-- Cada comando INSERT INTO para una sola fila representa una transacción separada. Esto 
-- puede resultar en una sobrecarga significativa si se realizan muchas inserciones, 
-- ya que cada una implica comunicación con el servidor de base de datos, lo que puede 
-- ser menos eficiente en términos de tiempo y recursos.
-- 
-- 2. Complejidad y Mantenimiento:
-- Insertar datos de forma individual puede ser más propenso a errores si hay un gran número 
-- de inserciones. También es menos conveniente para editar o mantener los datos si es 
-- necesario realizar cambios en varias inserciones.
-- 
-- 3. Transacciones y Control de Errores:
-- Los errores en las inserciones individuales pueden ser más fáciles de identificar y manejar, 
-- ya que cada comando es independiente. Esto facilita la resolución de problemas específicos 
-- con una sola fila de datos.
-- 
-- 4. Transacciones y Bloqueos:
-- Cada inserción puede generar un bloqueo separado, lo que podría afectar el rendimiento 
-- si se están realizando muchas inserciones al mismo tiempo en un entorno con alta concurrencia.

-- Resumen:
-- Inserción Masiva es preferible para grandes volúmenes de datos debido a su eficiencia y 
-- menor sobrecarga transaccional.
-- Inserciones Individuales pueden ser útiles para casos donde se manejan pocas filas o 
-- se necesita un control más granular sobre cada inserción.

INSERT INTO STUDENT_COURSE (STUDENTID, COURSESID, ENROLLMENT_DATE) VALUES (1, 101, '2024-01-10');
INSERT INTO STUDENT_COURSE (STUDENTID, COURSESID, ENROLLMENT_DATE) VALUES (2, 102, '2024-01-12');
INSERT INTO STUDENT_COURSE (STUDENTID, COURSESID, ENROLLMENT_DATE) VALUES (3, 101, '2024-01-15');
INSERT INTO STUDENT_COURSE (STUDENTID, COURSESID, ENROLLMENT_DATE) VALUES (4, 103, '2024-01-17');
INSERT INTO STUDENT_COURSE (STUDENTID, COURSESID, ENROLLMENT_DATE) VALUES (5, 101, '2024-01-20');
INSERT INTO STUDENT_COURSE (STUDENTID, COURSESID, ENROLLMENT_DATE) VALUES (6, 104, '2024-01-22');
INSERT INTO STUDENT_COURSE (STUDENTID, COURSESID, ENROLLMENT_DATE) VALUES (7, 102, '2024-01-25');
INSERT INTO STUDENT_COURSE (STUDENTID, COURSESID, ENROLLMENT_DATE) VALUES (8, 103, '2024-01-27');
INSERT INTO STUDENT_COURSE (STUDENTID, COURSESID, ENROLLMENT_DATE) VALUES (9, 104, '2024-02-01');
INSERT INTO STUDENT_COURSE (STUDENTID, COURSESID, ENROLLMENT_DATE) VALUES (10, 101, '2024-02-03');
INSERT INTO STUDENT_COURSE (STUDENTID, COURSESID, ENROLLMENT_DATE) VALUES (11, 102, '2024-02-05');
INSERT INTO STUDENT_COURSE (STUDENTID, COURSESID, ENROLLMENT_DATE) VALUES (12, 103, '2024-02-07');
INSERT INTO STUDENT_COURSE (STUDENTID, COURSESID, ENROLLMENT_DATE) VALUES (13, 104, '2024-02-10');
INSERT INTO STUDENT_COURSE (STUDENTID, COURSESID, ENROLLMENT_DATE) VALUES (14, 101, '2024-02-12');
INSERT INTO STUDENT_COURSE (STUDENTID, COURSESID, ENROLLMENT_DATE) VALUES (15, 102, '2024-02-15');
INSERT INTO STUDENT_COURSE (STUDENTID, COURSESID, ENROLLMENT_DATE) VALUES (16, 103, '2024-02-17');
INSERT INTO STUDENT_COURSE (STUDENTID, COURSESID, ENROLLMENT_DATE) VALUES (17, 104, '2024-02-20');
INSERT INTO STUDENT_COURSE (STUDENTID, COURSESID, ENROLLMENT_DATE) VALUES (18, 101, '2024-02-22');
INSERT INTO STUDENT_COURSE (STUDENTID, COURSESID, ENROLLMENT_DATE) VALUES (19, 102, '2024-02-25');
INSERT INTO STUDENT_COURSE (STUDENTID, COURSESID, ENROLLMENT_DATE) VALUES (20, 103, '2024-02-27');
