--EJEMPLOS DE LOS INSERTS PARA LA TABLAS DE CLARADAS EN DOCUMENTO 1.TABLAS_ESCUELAS
-- Insertar datos en la tabla STUDENTS------------------------------------------------------------------------
INSERT INTO STUDENTS (STUDENTID, FIRSTNAME, LASTNAME, AGE, EMAIL) VALUES (1, 'Juan', 'Pérez', 20, 'juan.perez@example.com');
INSERT INTO STUDENTS (STUDENTID, FIRSTNAME, LASTNAME, AGE, EMAIL) VALUES (2, 'María', 'Gómez', 22, 'maria.gomez@example.com');
INSERT INTO STUDENTS (STUDENTID, FIRSTNAME, LASTNAME, AGE, EMAIL) VALUES (3, 'Pedro', 'Rodríguez', 21, 'pedro.rodriguez@example.com');
INSERT INTO STUDENTS (STUDENTID, FIRSTNAME, LASTNAME, AGE, EMAIL) VALUES (4, 'Luis', 'Martínez', 23, 'luis.martinez@example.com');
INSERT INTO STUDENTS (STUDENTID, FIRSTNAME, LASTNAME, AGE, EMAIL) VALUES (5, 'Ana', 'Fernández', 19, 'ana.fernandez@example.com');
INSERT INTO STUDENTS (STUDENTID, FIRSTNAME, LASTNAME, AGE, EMAIL) VALUES (6, 'Carlos', 'García', 25, 'carlos.garcia@example.com');
INSERT INTO STUDENTS (STUDENTID, FIRSTNAME, LASTNAME, AGE, EMAIL) VALUES (7, 'Laura', 'Sánchez', 20, 'laura.sanchez@example.com');
INSERT INTO STUDENTS (STUDENTID, FIRSTNAME, LASTNAME, AGE, EMAIL) VALUES (8, 'Marta', 'López', 21, 'marta.lopez@example.com');
INSERT INTO STUDENTS (STUDENTID, FIRSTNAME, LASTNAME, AGE, EMAIL) VALUES (9, 'Andrés', 'Ramírez', 22, 'andres.ramirez@example.com');
INSERT INTO STUDENTS (STUDENTID, FIRSTNAME, LASTNAME, AGE, EMAIL) VALUES (10, 'Paula', 'Jiménez', 24, 'paula.jimenez@example.com');
INSERT INTO STUDENTS (STUDENTID, FIRSTNAME, LASTNAME, AGE, EMAIL) VALUES (11, 'Sofía', 'Hernández', 20, 'sofia.hernandez@example.com');
INSERT INTO STUDENTS (STUDENTID, FIRSTNAME, LASTNAME, AGE, EMAIL) VALUES (12, 'Diego', 'Ruiz', 23, 'diego.ruiz@example.com');
INSERT INTO STUDENTS (STUDENTID, FIRSTNAME, LASTNAME, AGE, EMAIL) VALUES (13, 'Valeria', 'Díaz', 21, 'valeria.diaz@example.com');
INSERT INTO STUDENTS (STUDENTID, FIRSTNAME, LASTNAME, AGE, EMAIL) VALUES (14, 'Javier', 'Vega', 24, 'javier.vega@example.com');
INSERT INTO STUDENTS (STUDENTID, FIRSTNAME, LASTNAME, AGE, EMAIL) VALUES (15, 'Cristina', 'Torres', 22, 'cristina.torres@example.com');
INSERT INTO STUDENTS (STUDENTID, FIRSTNAME, LASTNAME, AGE, EMAIL) VALUES (16, 'Pablo', 'Romero', 19, 'pablo.romero@example.com');
INSERT INTO STUDENTS (STUDENTID, FIRSTNAME, LASTNAME, AGE, EMAIL) VALUES (17, 'Julia', 'Navarro', 20, 'julia.navarro@example.com');
INSERT INTO STUDENTS (STUDENTID, FIRSTNAME, LASTNAME, AGE, EMAIL) VALUES (18, 'Tomás', 'Ortiz', 23, 'tomas.ortiz@example.com');
INSERT INTO STUDENTS (STUDENTID, FIRSTNAME, LASTNAME, AGE, EMAIL) VALUES (19, 'Elena', 'Castro', 21, 'elena.castro@example.com');
INSERT INTO STUDENTS (STUDENTID, FIRSTNAME, LASTNAME, AGE, EMAIL) VALUES (20, 'Hugo', 'Molina', 22, 'hugo.molina@example.com');
INSERT INTO STUDENTS (STUDENTID, FIRSTNAME, LASTNAME, AGE, EMAIL) VALUES (21, 'Isabel', 'Morales', 20, 'isabel.morales@example.com');
INSERT INTO STUDENTS (STUDENTID, FIRSTNAME, LASTNAME, AGE, EMAIL) VALUES (22, 'Gabriel', 'Suárez', 23, 'gabriel.suarez@example.com');
INSERT INTO STUDENTS (STUDENTID, FIRSTNAME, LASTNAME, AGE, EMAIL) VALUES (23, 'Daniela', 'Herrera', 21, 'daniela.herrera@example.com');
INSERT INTO STUDENTS (STUDENTID, FIRSTNAME, LASTNAME, AGE, EMAIL) VALUES (24, 'Fernando', 'Cruz', 24, 'fernando.cruz@example.com');
INSERT INTO STUDENTS (STUDENTID, FIRSTNAME, LASTNAME, AGE, EMAIL) VALUES (25, 'Lucía', 'Flores', 22, 'lucia.flores@example.com');
INSERT INTO STUDENTS (STUDENTID, FIRSTNAME, LASTNAME, AGE, EMAIL) VALUES (26, 'Emilio', 'Silva', 20, 'emilio.silva@example.com');
INSERT INTO STUDENTS (STUDENTID, FIRSTNAME, LASTNAME, AGE, EMAIL) VALUES (27, 'Alejandra', 'Paredes', 23, 'alejandra.paredes@example.com');
INSERT INTO STUDENTS (STUDENTID, FIRSTNAME, LASTNAME, AGE, EMAIL) VALUES (28, 'Ramón', 'Reyes', 21, 'ramon.reyes@example.com');
INSERT INTO STUDENTS (STUDENTID, FIRSTNAME, LASTNAME, AGE, EMAIL) VALUES (29, 'Gloria', 'Ortega', 24, 'gloria.ortega@example.com');
INSERT INTO STUDENTS (STUDENTID, FIRSTNAME, LASTNAME, AGE, EMAIL) VALUES (30, 'Francisco', 'Ríos', 22, 'francisco.rios@example.com');
INSERT INTO STUDENTS (STUDENTID, FIRSTNAME, LASTNAME, AGE, EMAIL) VALUES (31, 'Carmen', 'Fuentes', 21, 'carmen.fuentes@example.com');
INSERT INTO STUDENTS (STUDENTID, FIRSTNAME, LASTNAME, AGE, EMAIL) VALUES (32, 'Roberto', 'Méndez', 19, 'roberto.mendez@example.com');
INSERT INTO STUDENTS (STUDENTID, FIRSTNAME, LASTNAME, AGE, EMAIL) VALUES (33, 'Beatriz', 'Castillo', 22, 'beatriz.castillo@example.com');
INSERT INTO STUDENTS (STUDENTID, FIRSTNAME, LASTNAME, AGE, EMAIL) VALUES (34, 'José', 'Arias', 20, 'jose.arias@example.com');
INSERT INTO STUDENTS (STUDENTID, FIRSTNAME, LASTNAME, AGE, EMAIL) VALUES (35, 'Victoria', 'Núñez', 23, 'victoria.nunez@example.com');
INSERT INTO STUDENTS (STUDENTID, FIRSTNAME, LASTNAME, AGE, EMAIL) VALUES (36, 'Alberto', 'Medina', 21, 'alberto.medina@example.com');
INSERT INTO STUDENTS (STUDENTID, FIRSTNAME, LASTNAME, AGE, EMAIL) VALUES (37, 'Patricia', 'Campos', 19, 'patricia.campos@example.com');
INSERT INTO STUDENTS (STUDENTID, FIRSTNAME, LASTNAME, AGE, EMAIL) VALUES (38, 'Manuel', 'Lara', 24, 'manuel.lara@example.com');
INSERT INTO STUDENTS (STUDENTID, FIRSTNAME, LASTNAME, AGE, EMAIL) VALUES (39, 'Verónica', 'Escobar', 20, 'veronica.escobar@example.com');
INSERT INTO STUDENTS (STUDENTID, FIRSTNAME, LASTNAME, AGE, EMAIL) VALUES (40, 'Rafael', 'Soto', 23, 'rafael.soto@example.com');
INSERT INTO STUDENTS (STUDENTID, FIRSTNAME, LASTNAME, AGE, EMAIL) VALUES (41, 'Nadia', 'Muñoz', 21, 'nadia.munoz@example.com');
INSERT INTO STUDENTS (STUDENTID, FIRSTNAME, LASTNAME, AGE, EMAIL) VALUES (42, 'Héctor', 'Ibarra', 22, 'hector.ibarra@example.com');
INSERT INTO STUDENTS (STUDENTID, FIRSTNAME, LASTNAME, AGE, EMAIL) VALUES (43, 'Celia', 'Vargas', 19, 'celia.vargas@example.com');
INSERT INTO STUDENTS (STUDENTID, FIRSTNAME, LASTNAME, AGE, EMAIL) VALUES (44, 'Rodrigo', 'Salas', 21, 'rodrigo.salas@example.com');
INSERT INTO STUDENTS (STUDENTID, FIRSTNAME, LASTNAME, AGE, EMAIL) VALUES (45, 'Teresa', 'Peña', 24, 'teresa.pena@example.com');
INSERT INTO STUDENTS (STUDENTID, FIRSTNAME, LASTNAME, AGE, EMAIL) VALUES (46, 'Esteban', 'Villalobos', 22, 'esteban.villalobos@example.com');
INSERT INTO STUDENTS (STUDENTID, FIRSTNAME, LASTNAME, AGE, EMAIL) VALUES (47, 'Adriana', 'Rivas', 20, 'adriana.rivas@example.com');
INSERT INTO STUDENTS (STUDENTID, FIRSTNAME, LASTNAME, AGE, EMAIL) VALUES (48, 'Gonzalo', 'Cano', 23, 'gonzalo.cano@example.com');
INSERT INTO STUDENTS (STUDENTID, FIRSTNAME, LASTNAME, AGE, EMAIL) VALUES (49, 'Elisa', 'Correa', 21, 'elisa.correa@example.com');
INSERT INTO STUDENTS (STUDENTID, FIRSTNAME, LASTNAME, AGE, EMAIL) VALUES (50, 'Vicente', 'Palacios', 22, 'vicente.palacios@example.com');
--
-- Insertar datos en la tabla TEACHER
INSERT INTO TEACHER (TEACHERID, FIRSTNAME, LASTNAME, AGE, EMAIL, PHONE, DIRECCION, HIRE_DATE, SALARY) VALUES (1, 'Juan', 'Pérez', 45, 'juan.perez@example.com', '555-1234', 'Calle Falsa 123', '2010-08-15', 45000.50);
INSERT INTO TEACHER (TEACHERID, FIRSTNAME, LASTNAME, AGE, EMAIL, PHONE, DIRECCION, HIRE_DATE, SALARY) VALUES (2, 'María', 'Gómez', 39, 'maria.gomez@example.com', '555-5678', 'Av. Siempre Viva 742', '2011-05-10', 47000.75);
INSERT INTO TEACHER (TEACHERID, FIRSTNAME, LASTNAME, AGE, EMAIL, PHONE, DIRECCION, HIRE_DATE, SALARY) VALUES (3, 'Pedro', 'Rodríguez', 50, 'pedro.rodriguez@example.com', '555-9101', 'Calle Luna 85', '2009-11-01', 49000.00);
INSERT INTO TEACHER (TEACHERID, FIRSTNAME, LASTNAME, AGE, EMAIL, PHONE, DIRECCION, HIRE_DATE, SALARY) VALUES (4, 'Ana', 'Martínez', 34, 'ana.martinez@example.com', '555-1122', 'Av. Sol 203', '2012-03-20', 42000.20);
INSERT INTO TEACHER (TEACHERID, FIRSTNAME, LASTNAME, AGE, EMAIL, PHONE, DIRECCION, HIRE_DATE, SALARY) VALUES (5, 'Carlos', 'López', 38, 'carlos.lopez@example.com', '555-3344', 'Calle Estrella 456', '2013-07-14', 46000.00);
INSERT INTO TEACHER (TEACHERID, FIRSTNAME, LASTNAME, AGE, EMAIL, PHONE, DIRECCION, HIRE_DATE, SALARY) VALUES (6, 'Laura', 'Sánchez', 41, 'laura.sanchez@example.com', '555-5566', 'Av. del Bosque 789', '2014-01-22', 48000.35);
INSERT INTO TEACHER (TEACHERID, FIRSTNAME, LASTNAME, AGE, EMAIL, PHONE, DIRECCION, HIRE_DATE, SALARY) VALUES (7, 'Marta', 'Jiménez', 47, 'marta.jimenez@example.com', '555-7788', 'Calle del Rio 101', '2008-09-30', 50000.90);
INSERT INTO TEACHER (TEACHERID, FIRSTNAME, LASTNAME, AGE, EMAIL, PHONE, DIRECCION, HIRE_DATE, SALARY) VALUES (8, 'Andrés', 'Ramírez', 36, 'andres.ramirez@example.com', '555-9900', 'Av. de la Playa 202', '2015-04-17', 43000.10);
INSERT INTO TEACHER (TEACHERID, FIRSTNAME, LASTNAME, AGE, EMAIL, PHONE, DIRECCION, HIRE_DATE, SALARY) VALUES (9, 'Paula', 'Herrera', 33, 'paula.herrera@example.com', '555-1020', 'Calle de la Montaña 303', '2016-06-23', 44000.50);
INSERT INTO TEACHER (TEACHERID, FIRSTNAME, LASTNAME, AGE, EMAIL, PHONE, DIRECCION, HIRE_DATE, SALARY) VALUES (10, 'Sofía', 'Hernández', 43, 'sofia.hernandez@example.com', '555-3040', 'Av. del Valle 404', '2017-12-11', 47000.00);
INSERT INTO TEACHER (TEACHERID, FIRSTNAME, LASTNAME, AGE, EMAIL, PHONE, DIRECCION, HIRE_DATE, SALARY) VALUES (11, 'Diego', 'Vega', 49, 'diego.vega@example.com', '555-5060', 'Calle del Cielo 505', '2007-10-15', 51000.25);
INSERT INTO TEACHER (TEACHERID, FIRSTNAME, LASTNAME, AGE, EMAIL, PHONE, DIRECCION, HIRE_DATE, SALARY) VALUES (12, 'Valeria', 'Torres', 37, 'valeria.torres@example.com', '555-7080', 'Av. del Mar 606', '2018-02-14', 45000.80);
INSERT INTO TEACHER (TEACHERID, FIRSTNAME, LASTNAME, AGE, EMAIL, PHONE, DIRECCION, HIRE_DATE, SALARY) VALUES (13, 'Javier', 'Romero', 35, 'javier.romero@example.com', '555-9101', 'Calle del Sol 707', '2019-03-05', 46000.65);
INSERT INTO TEACHER (TEACHERID, FIRSTNAME, LASTNAME, AGE, EMAIL, PHONE, DIRECCION, HIRE_DATE, SALARY) VALUES (14, 'Cristina', 'Navarro', 40, 'cristina.navarro@example.com', '555-0112', 'Av. de las Flores 808', '2020-08-01', 47000.75);
INSERT INTO TEACHER (TEACHERID, FIRSTNAME, LASTNAME, AGE, EMAIL, PHONE, DIRECCION, HIRE_DATE, SALARY) VALUES (15, 'Pablo', 'Ortiz', 52, 'pablo.ortiz@example.com', '555-2134', 'Calle del Arco 909', '2006-05-18', 53000.90);
INSERT INTO TEACHER (TEACHERID, FIRSTNAME, LASTNAME, AGE, EMAIL, PHONE, DIRECCION, HIRE_DATE, SALARY) VALUES (16, 'Julia', 'Castro', 29, 'julia.castro@example.com', '555-4156', 'Av. de la Luna 111', '2021-01-10', 42000.00);
INSERT INTO TEACHER (TEACHERID, FIRSTNAME, LASTNAME, AGE, EMAIL, PHONE, DIRECCION, HIRE_DATE, SALARY) VALUES (17, 'Tomás', 'Molina', 48, 'tomas.molina@example.com', '555-6178', 'Calle de las Nubes 212', '2005-07-23', 52000.55);
INSERT INTO TEACHER (TEACHERID, FIRSTNAME, LASTNAME, AGE, EMAIL, PHONE, DIRECCION, HIRE_DATE, SALARY) VALUES (18, 'Elena', 'Morales', 42, 'elena.morales@example.com', '555-8190', 'Av. del Norte 313', '2022-11-15', 48000.65);
INSERT INTO TEACHER (TEACHERID, FIRSTNAME, LASTNAME, AGE, EMAIL, PHONE, DIRECCION, HIRE_DATE, SALARY) VALUES (19, 'Anaa', 'Suárez', 46, 'hugo.suarez@example.com', '555-0213', 'Calle de la Estrella 414', '2004-04-12', 51000.70);
INSERT INTO TEACHER (TEACHERID, FIRSTNAME, LASTNAME, AGE, EMAIL, PHONE, DIRECCION, HIRE_DATE, SALARY) VALUES (20, 'Isabel', 'Herrera', 31, 'isabel.herrera@example.com', '555-2245', 'Av. del Sol 515', '2023-03-22', 43000.00);

--
INSERT INTO STUDENT_COURSE (STUDENTID, COURSESID, ENROLLMENT_DATE) VALUES (1, 101, '2024-01-10');
INSERT INTO STUDENT_COURSE (STUDENTID, COURSESID, ENROLLMENT_DATE) VALUES (2, 102, '2024-01-12');
INSERT INTO STUDENT_COURSE (STUDENTID, COURSESID, ENROLLMENT_DATE) VALUES (3, 101, '2024-01-15');
INSERT INTO STUDENT_COURSE (STUDENTID, COURSESID, ENROLLMENT_DATE) VALUES (4, 103, '2024-01-17');
INSERT INTO STUDENT_COURSE (STUDENTID, COURSESID, ENROLLMENT_DATE) VALUES (5, 101, '2024-01-20');
INSERT INTO STUDENT_COURSE (STUDENTID, COURSESID, ENROLLMENT_DATE) VALUES (6, 104, '2024-01-22');
INSERT INTO STUDENT_COURSE (STUDENTID, COURSESID, ENROLLMENT_DATE) VALUES (7, 102, '2024-01-25');
INSERT INTO STUDENT_COURSE (STUDENTID, COURSESID, ENROLLMENT_DATE) VALUES (8, 103, '2024-01-27');
INSERT INTO STUDENT_COURSE (STUDENTID, COURSESID, ENROLLMENT_DATE) VALUES (9, 104, '2024-02-01');
INSERT INTO STUDENT_COURSE (STUDENTID, COURSESID, ENROLLMENT_DATE) VALUES (10, 101, '2024-02-03');
INSERT INTO STUDENT_COURSE (STUDENTID, COURSESID, ENROLLMENT_DATE) VALUES (11, 102, '2024-02-05');
INSERT INTO STUDENT_COURSE (STUDENTID, COURSESID, ENROLLMENT_DATE) VALUES (12, 103, '2024-02-07');
INSERT INTO STUDENT_COURSE (STUDENTID, COURSESID, ENROLLMENT_DATE) VALUES (13, 104, '2024-02-10');
INSERT INTO STUDENT_COURSE (STUDENTID, COURSESID, ENROLLMENT_DATE) VALUES (14, 101, '2024-02-12');
INSERT INTO STUDENT_COURSE (STUDENTID, COURSESID, ENROLLMENT_DATE) VALUES (15, 102, '2024-02-15');
INSERT INTO STUDENT_COURSE (STUDENTID, COURSESID, ENROLLMENT_DATE) VALUES (16, 103, '2024-02-17');
INSERT INTO STUDENT_COURSE (STUDENTID, COURSESID, ENROLLMENT_DATE) VALUES (17, 104, '2024-02-20');
INSERT INTO STUDENT_COURSE (STUDENTID, COURSESID, ENROLLMENT_DATE) VALUES (18, 101, '2024-02-22');
INSERT INTO STUDENT_COURSE (STUDENTID, COURSESID, ENROLLMENT_DATE) VALUES (19, 102, '2024-02-25');
INSERT INTO STUDENT_COURSE (STUDENTID, COURSESID, ENROLLMENT_DATE) VALUES (20, 103, '2024-02-27');
